<?xml version="1.0" encoding="UTF-8"?>
<project xmlns="http://maven.apache.org/POM/4.0.0"
         xmlns:xsi="http://www.w3.org/2001/XMLSchema-instance"
         xsi:schemaLocation="http://maven.apache.org/POM/4.0.0 
         http://maven.apache.org/xsd/maven-4.0.0.xsd">
    
    <modelVersion>4.0.0</modelVersion>
    <groupId>com.studentmanagement</groupId>
    <artifactId>StudentManagement</artifactId>
    <version>1.0-SNAPSHOT</version>
    <packaging>war</packaging>
    
    <properties>
        <maven.compiler.source>11</maven.compiler.source>
        <maven.compiler.target>11</maven.compiler.target>
        <project.build.sourceEncoding>UTF-8</project.build.sourceEncoding>
        <jetty.version>11.0.15</jetty.version>
    </properties>
    
    <dependencies>
        <!-- Jakarta EE Web Profile -->
        <dependency>
            <groupId>jakarta.platform</groupId>
            <artifactId>jakarta.jakartaee-web-api</artifactId>
            <version>9.1.0</version>
            <scope>provided</scope>
        </dependency>
        
        <!-- JSTL Implementation -->
        <dependency>
            <groupId>org.glassfish.web</groupId>
            <artifactId>jakarta.servlet.jsp.jstl</artifactId>
            <version>2.0.0</version>
        </dependency>
        
        <!-- Jetty for Servlets -->
        <dependency>
            <groupId>org.eclipse.jetty</groupId>
            <artifactId>jetty-servlet</artifactId>
            <version>${jetty.version}</version>
        </dependency>
        
        <!-- Jetty WebApp -->
        <dependency>
            <groupId>org.eclipse.jetty</groupId>
            <artifactId>jetty-webapp</artifactId>
            <version>${jetty.version}</version>
        </dependency>
    </dependencies>
    
    <build>
        <finalName>StudentManagement</finalName>
        <plugins>
            <plugin>
                <groupId>org.apache.maven.plugins</groupId>
                <artifactId>maven-compiler-plugin</artifactId>
                <version>3.11.0</version>
                <configuration>
                    <source>11</source>
                    <target>11</target>
                </configuration>
            </plugin>
            
            <!-- Jetty Plugin for Embedded Server -->
            <plugin>
                <groupId>org.eclipse.jetty</groupId>
                <artifactId>jetty-maven-plugin</artifactId>
                <version>${jetty.version}</version>
                <configuration>
                    <webApp>
                        <contextPath>/</contextPath>
                    </webApp>
                    <httpConnector>
                        <port>8080</port>
                    </httpConnector>
                    <scanIntervalSeconds>5</scanIntervalSeconds>
                </configuration>
            </plugin>
        </plugins>
    </build>
</project>